Workbook

Sheet Data for Figure
A1: Data from WRI/Climate Watch | K1: EPA Calculations
A2: Unit: | B2: MtCO2e
B3: Year | C3: Total | D3: Energy | E3: International transport | F3: Agriculture | G3: Industrial processes | H3: Waste | I3: Land-use change and forestry | L3: Total | M3: Energy | N3: International transport | O3: Agriculture | P3: Industrial processes | Q3: Waste | R3: Land-use change and forestry | T3: Check
A4: World | B4: 1990 | C4: =SUM(D4:I4) -> 32735.01 | D4: ='Original Data-Climate Watch'!C2-'Original Data-Climate Watch'!C10 -> 22726.95 | E4: ='Original Data-Climate Watch'!C10 -> 637.9 | F4: ='Original Data-Climate Watch'!C4 -> 4975.52 | G4: ='Original Data-Climate Watch'!C3 -> 1003.53 | H4: ='Original Data-Climate Watch'!C5 -> 1364.4 | I4: ='Original Data-Climate Watch'!C6 -> 2026.71 | K4: 1990 | L4: =C4/$C4 -> 1 | M4: =D4/$C4 -> 0.69427045 | N4: =E4/$C4 -> 0.019486782 | O4: =F4/$C4 -> 0.15199384 | P4: =G4/$C4 -> 0.030656169 | Q4: =H4/$C4 -> 0.041680146 | R4: =I4/$C4 -> 0.061912613 | T4: =IF(SUM(D4:I4)=C4,"Totals Match","NO MATCH") -> Totals Match
A5: World | B5: 1995 | C5: =SUM(D5:I5) -> 33982.29 | D5: ='Original Data-Climate Watch'!H2-'Original Data-Climate Watch'!H10 -> 23516.97 | E5: ='Original Data-Climate Watch'!H10 -> 728.45 | F5: ='Original Data-Climate Watch'!H4 -> 5005.76 | G5: ='Original Data-Climate Watch'!H3 -> 1222.18 | H5: ='Original Data-Climate Watch'!H5 -> 1476.51 | I5: ='Original Data-Climate Watch'!H6 -> 2032.42 | K5: 1995 | L5: =C5/$C5 -> 1 | M5: =D5/$C5 -> 0.69203606 | N5: =E5/$C5 -> 0.021436166 | O5: =F5/$C5 -> 0.14730496 | P5: =G5/$C5 -> 0.035965204 | Q5: =H5/$C5 -> 0.043449397 | R5: =I5/$C5 -> 0.059808212 | T5: =IF(SUM(D5:I5)=C5,"Totals Match","NO MATCH") -> Totals Match
A6: World | B6: 2000 | C6: =SUM(D6:I6) -> 36011.59 | D6: ='Original Data-Climate Watch'!M2-'Original Data-Climate Watch'!M10 -> 25421.12 | E6: ='Original Data-Climate Watch'!M10 -> 866.69 | F6: ='Original Data-Climate Watch'!M4 -> 5074.21 | G6: ='Original Data-Climate Watch'!M3 -> 1396.22 | H6: ='Original Data-Climate Watch'!M5 -> 1466.76 | I6: ='Original Data-Climate Watch'!M6 -> 1786.59 | K6: 2000 | L6: =C6/$C6 -> 1 | M6: =D6/$C6 -> 0.70591496 | N6: =E6/$C6 -> 0.024066974 | O6: =F6/$C6 -> 0.14090491 | P6: =G6/$C6 -> 0.038771407 | Q6: =H6/$C6 -> 0.04073022 | R6: =I6/$C6 -> 0.049611528 | T6: =IF(SUM(D6:I6)=C6,"Totals Match","NO MATCH") -> Totals Match
A7: World | B7: 2005 | C7: =SUM(D7:I7) -> 40790.66 | D7: ='Original Data-Climate Watch'!R2-'Original Data-Climate Watch'!R10 -> 29538.57 | E7: ='Original Data-Climate Watch'!R10 -> 1010.99 | F7: ='Original Data-Climate Watch'!R4 -> 5282.57 | G7: ='Original Data-Climate Watch'!R3 -> 1746.61 | H7: ='Original Data-Climate Watch'!R5 -> 1422.66 | I7: ='Original Data-Climate Watch'!R6 -> 1789.26 | K7: 2005 | L7: =C7/$C7 -> 1 | M7: =D7/$C7 -> 0.72415033 | N7: =E7/$C7 -> 0.02478484 | O7: =F7/$C7 -> 0.1295044 | P7: =G7/$C7 -> 0.042818871 | Q7: =H7/$C7 -> 0.034877102 | R7: =I7/$C7 -> 0.043864453 | T7: =IF(SUM(D7:I7)=C7,"Totals Match","NO MATCH") -> Totals Match
A8: World | B8: 2010 | C8: =SUM(D8:I8) -> 45069.96 | D8: ='Original Data-Climate Watch'!W2-'Original Data-Climate Watch'!W10 -> 33090.9 | E8: ='Original Data-Climate Watch'!W10 -> 1139.42 | F8: ='Original Data-Climate Watch'!W4 -> 5487.85 | G8: ='Original Data-Climate Watch'!W3 -> 2237.26 | H8: ='Original Data-Climate Watch'!W5 -> 1465.13 | I8: ='Original Data-Climate Watch'!W6 -> 1649.4 | K8: 2010 | L8: =C8/$C8 -> 1 | M8: =D8/$C8 -> 0.73421188 | N8: =E8/$C8 -> 0.025281141 | O8: =F8/$C8 -> 0.12176292 | P8: =G8/$C8 -> 0.049639716 | Q8: =H8/$C8 -> 0.032507905 | R8: =I8/$C8 -> 0.036596438 | T8: =IF(SUM(D8:I8)=C8,"Totals Match","NO MATCH") -> Totals Match
A9: World | B9: 2015 | C9: =SUM(D9:I9) -> 46993.48 | D9: ='Original Data-Climate Watch'!AB2-'Original Data-Climate Watch'!AB10 -> 34962.5 | E9: ='Original Data-Climate Watch'!AB10 -> 1210.1 | F9: ='Original Data-Climate Watch'!AB4 -> 5657.04 | G9: ='Original Data-Climate Watch'!AB3 -> 2699.83 | H9: ='Original Data-Climate Watch'!AB5 -> 1543.59 | I9: ='Original Data-Climate Watch'!AB6 -> 920.42 | K9: 2015 | L9: =C9/$C9 -> 1 | M9: =D9/$C9 -> 0.74398619 | N9: =E9/$C9 -> 0.025750381 | O9: =F9/$C9 -> 0.12037925 | P9: =G9/$C9 -> 0.057451161 | Q9: =H9/$C9 -> 0.032846897 | R9: =I9/$C9 -> 0.019586121 | T9: =IF(SUM(D9:I9)=C9,"Totals Match","NO MATCH") -> Totals Match
A11: EPA Calculation
A12: % change, '90-'15 | C12: =(C9-C4)/C4 -> 0.4355725 | D12: =(D9-D4)/D4 -> 0.53837184 | E12: =(E9-E4)/E4 -> 0.8970058 | F12: =(F9-F4)/F4 -> 0.13697463 | G12: =(G9-G4)/G4 -> 1.6903331 | H12: =(H9-H4)/H4 -> 0.13133245 | I12: =(I9-I4)/I4 -> -0.54585511

Sheet Original Data-Climate Watch
A1: Sector | B1: unit | C1: 1990 | D1: 1991 | E1: 1992 | F1: 1993 | G1: 1994 | H1: 1995 | I1: 1996 | J1: 1997 | K1: 1998 | L1: 1999 | M1: 2000 | N1: 2001 | O1: 2002 | P1: 2003 | Q1: 2004 | R1: 2005 | S1: 2006 | T1: 2007 | U1: 2008 | V1: 2009 | W1: 2010 | X1: 2011 | Y1: 2012 | Z1: 2013 | AA1: 2014 | AB1: 2015 | AC1: 2016 | AD1: 2017 | AE1: 2018 | AF1: 2019 | AG1: 2020 | AH1: 2021
A2: Energy | B2: MtCO2e | C2: 23364.85 | D2: 23505.38 | E2: 23380.55 | F2: 23503.34 | G2: 23592.68 | H2: 24245.42 | I2: 24756.95 | J2: 25177.64 | K2: 25336.58 | L2: 25466.4 | M2: 26287.81 | N2: 26649.24 | O2: 26963.93 | P2: 28169.47 | Q2: 29458.1 | R2: 30549.56 | S2: 31459.36 | T2: 32553.93 | U2: 32797.52 | V2: 32314.66 | W2: 34230.32 | X2: 35212.04 | Y2: 35598.6 | Z2: 36236.6 | AA2: 36332.13 | AB2: 36172.6 | AC2: 36212.81 | AD2: 36752.67 | AE2: 37635.61 | AF2: 37613.05 | AG2: 35450.68 | AH2: 37407.79
A3: Industrial Processes | B3: MtCO2e | C3: 1003.53 | D3: 1008.33 | E3: 1023.75 | F3: 1040.48 | G3: 1149.02 | H3: 1222.18 | I3: 1273.84 | J3: 1323.34 | K3: 1327.81 | L3: 1336.92 | M3: 1396.22 | N3: 1422.09 | O3: 1474.4 | P3: 1568.35 | Q3: 1650.03 | R3: 1746.61 | S3: 1878.44 | T3: 2006.9 | U3: 2051.56 | V3: 2099.3 | W3: 2237.26 | X3: 2390.39 | Y3: 2474.16 | Z3: 2588.77 | AA3: 2702.9 | AB3: 2699.83 | AC3: 2797.55 | AD3: 2863.31 | AE3: 2955.2 | AF3: 3070.7 | AG3: 3132.69 | AH3: 3260.35
A4: Agriculture | B4: MtCO2e | C4: 4975.52 | D4: 4945.19 | E4: 4938.22 | F4: 4908.68 | G4: 4952.29 | H4: 5005.76 | I4: 5036.31 | J4: 4967.28 | K4: 5021.93 | L4: 5078.41 | M4: 5074.21 | N4: 5080.29 | O4: 5140.94 | P4: 5136.94 | Q4: 5245.31 | R4: 5282.57 | S4: 5344.02 | T4: 5422.06 | U4: 5429.45 | V4: 5428.8 | W4: 5487.85 | X4: 5619.07 | Y4: 5640.61 | Z4: 5582.84 | AA4: 5634.97 | AB4: 5657.04 | AC4: 5693.07 | AD4: 5781.84 | AE4: 5762.4 | AF4: 5732.98 | AG4: 5830.08 | AH4: 5864
A5: Waste | B5: MtCO2e | C5: 1364.4 | D5: 1395.18 | E5: 1418.28 | F5: 1444.39 | G5: 1470.96 | H5: 1476.51 | I5: 1478.31 | J5: 1474.36 | K5: 1466.28 | L5: 1464.47 | M5: 1466.76 | N5: 1452.91 | O5: 1447.97 | P5: 1443.66 | Q5: 1431.88 | R5: 1422.66 | S5: 1433.85 | T5: 1441.86 | U5: 1446.93 | V5: 1454.29 | W5: 1465.13 | X5: 1467.31 | Y5: 1476.63 | Z5: 1484.04 | AA5: 1514.26 | AB5: 1543.59 | AC5: 1560.85 | AD5: 1583.86 | AE5: 1606.86 | AF5: 1629.87 | AG5: 1652.87 | AH5: 1677.36
A6: Land-Use Change and Forestry | B6: MtCO2e | C6: 2026.71 | D6: 2026.71 | E6: 2026.72 | F6: 2027.15 | G6: 2026.82 | H6: 2032.42 | I6: 1827.03 | J6: 2796.53 | K6: 2126.31 | L6: 1935.22 | M6: 1786.59 | N6: 1486.7 | O6: 2002.64 | P6: 1699.88 | Q6: 2068.3 | R6: 1789.26 | S6: 2149.39 | T6: 1626.23 | U6: 1570.49 | V6: 1961.98 | W6: 1649.4 | X6: 558.86 | Y6: 591.16 | Z6: 538.69 | AA6: 885.86 | AB6: 920.42 | AC6: 1404.18 | AD6: 1359.61 | AE6: 1522.03 | AF6: 1796.97 | AG6: 1396.85 | AH6: 1343.98
A7: Data source | B7: Climate Watch
A9: Sector | B9: unit | C9: 1990 | D9: 1991 | E9: 1992 | F9: 1993 | G9: 1994 | H9: 1995 | I9: 1996 | J9: 1997 | K9: 1998 | L9: 1999 | M9: 2000 | N9: 2001 | O9: 2002 | P9: 2003 | Q9: 2004 | R9: 2005 | S9: 2006 | T9: 2007 | U9: 2008 | V9: 2009 | W9: 2010 | X9: 2011 | Y9: 2012 | Z9: 2013 | AA9: 2014 | AB9: 2015 | AC9: 2016 | AD9: 2017 | AE9: 2018 | AF9: 2019 | AG9: 2020 | AH9: 2021
A10: Bunker Fuels | B10: MtCO2e | C10: 637.9 | D10: 645.75 | E10: 683.47 | F10: 675.74 | G10: 702.06 | H10: 728.45 | I10: 749.1 | J10: 774.88 | K10: 799.45 | L10: 841.45 | M10: 866.69 | N10: 834.06 | O10: 872.97 | P10: 878.85 | Q10: 965.16 | R10: 1010.99 | S10: 1064.03 | T10: 1115.55 | U10: 1123.85 | V10: 1069.33 | W10: 1139.42 | X10: 1154.54 | Y10: 1112.57 | Z10: 1118.76 | AA10: 1155.02 | AB10: 1210.1 | AC10: 1252.04 | AD10: 1309.09 | AE10: 1338.16 | AF10: 1331.31 | AG10: 941.14 | AH10: 994.69
A11: Data source | B11: Climate Watch
Z16: 2016-2020 data is projected data because the Non-CO2 portion is projected

Sheet Methods and Notes
A1: Methods and Notes
A3: GENERAL NOTES
A5: Data last obtained by ERG on November 22, 2024
A7: OBTAIN DATA
A9: ERG downloaded the data from Climate Watch, "Historical GHG Emissions" (https://www.climatewatchdata.org/ghg-emissions). We used the following settings:
A11: To get totals by sector:
B12: - Data Source: Climate Watch
B13: - Countries/Regions: World
B14: - Sectors/Subsectors: Total Including LUCF
B15: - Gases: All GHG
B16: - Calculations: Total
B17: - Show Data by: Sectors
B18: - Chart Type: Line Chart
A20: As explained in Climate Watch's data methods (https://files.wri.org/d8/s3fs-public/2024-05/climate-watch-country-greenhouse-gas-emissions-data-methodology.pdf?VersionId=1geU96keSmqZlUjv41FNGB4CLpHQbruN), the "Energy" sector for "World" includes emissions from bunker fuels, so we also need to obtain bunker fuel emissions separately so that bunker fuels can be included as a separate component of the chart.
A22: To get bunker fuel emissions:
B23: - Data Source: Climate Watch
B24: - Countries/Regions: World
B25: - Sectors/Subsectors: Bunker Fuels
B26: - Gases: All GHG
B27: - Calculations: Total
B28: - Show Data by: Sectors
B29: - Chart Type: Line Chart
A31: Data needed for chart needs to include LUCF and bunker fuel emissions (Climate Watch says that bunker fuel emissions are included in transportation (and thus Energy) sector only for World, so bunker fuels should not be included in Sectors/Subsectors drop down when obtaining data).
A32: Climate Watch data methods: https://files.wri.org/d8/s3fs-public/2024-05/climate-watch-country-greenhouse-gas-emissions-data-methodology.pdf?VersionId=1geU96keSmqZlUjv41FNGB4CLpHQbruN
A34: PROCESSING STEPS
A36: 1) Access data according to "Obtain Data" instructions above, and copy into "Original Data-Climate Watch" worksheet.
A37: 2) Highlight in green "Emissions by Sector" for the years 1990, 1995, 2000, 2005, 2010, and 2015 to indicate data for use in figure.
A38: - Climate Watch Non-CO2 data come from EPA and are reported in 5-year intervals. Some countries have data annually, but per confirmation from EPA, we should only use 5-year interval data. Because Non-CO2 data is not an annual time series data set, Figure 2 is plotted on 5-year intervals (Climate Watch CO2 data predominately comes from IEA which is an annual time series; Climate Watch LUCF data comes from FAOSTAT which is also an annual time series. Agriculture emissions (CH4 and N2O) data are also sourced from FAOSTAT.
A39: 3) Copy green highlighted data into "Data for Figure" worksheet, but subtract out bunker fuel emissions from "Energy" sector total. Per confirmation with WRI, bunker fuel emissions are included within the Energy (Transportation subsector) emissions total for “World” so have to subtract them out of "Energy" sector so as not to double count.
A40: 4) Rename "Bunker Fuels" to "International Transport."
A41: 5) Create a stacked column graph for years 1990-2015 in 5-year intervals.
A43: WORKSHEETS
A45: Figure 2 | B45: Shows the figure for use in Inidcators report
A46: Data for Figure | B46: Contains data used to develop Figure 2
A47: Methods and Notes | B47: Contains notes on how Figure 2 was developed
A48: Original Data-Climate Watch | B48: Copy of full "World" data from 1990-2015 from Climate Watch "Historical GHG Emissions" page.
