Workbook

Sheet Data for Figure
A1: Data from WRI/Climate Watch | M1: EPA Calculations
A2: Unit: | B2: MtCO2e | C2: (includes land use change; includes international bunkers)
B3: Year | C3: Total | D3: Carbon dioxide | E3: Methane | F3: Nitrous oxide | G3: HFCs, PFCs, and SF6* | N3: Total | O3: Carbon dioxide | P3: Methane | Q3: Nitrous oxide | R3: HFCs, PFCs, and SF6 | T3: Check
A4: World | B4: 1990 | C4: =SUM(D4:G4) -> 32735.02 | D4: ='Original Data-Climate Watch'!C3 -> 23060.38 | E4: ='Original Data-Climate Watch'!C2 -> 7002.92 | F4: ='Original Data-Climate Watch'!C5 -> 2369.51 | G4: ='Original Data-Climate Watch'!C4 -> 302.21 | M4: 1990 | N4: =C4/$C4 -> 1 | O4: =D4/$C4 -> 0.70445596 | P4: =E4/$C4 -> 0.21392747 | Q4: =F4/$C4 -> 0.072384559 | R4: =G4/$C4 -> 0.009232009 | T4: =IF(SUM(D4:G4)=C4,"Totals Match","NO MATCH") -> Totals Match
A5: World | B5: 1995 | C5: =SUM(D5:G5) -> 33982.3 | D5: ='Original Data-Climate Watch'!H3 -> 24086.41 | E5: ='Original Data-Climate Watch'!H2 -> 7095.62 | F5: ='Original Data-Climate Watch'!H5 -> 2470.91 | G5: ='Original Data-Climate Watch'!H4 -> 329.36 | M5: 1995 | N5: =C5/$C5 -> 1 | O5: =D5/$C5 -> 0.70879281 | P5: =E5/$C5 -> 0.20880341 | Q5: =F5/$C5 -> 0.072711676 | R5: =G5/$C5 -> 0.0096921044 | T5: =IF(SUM(D5:G5)=C5,"Totals Match","NO MATCH") -> Totals Match
A6: World | B6: 2000 | C6: =SUM(D6:G6) -> 36011.59 | D6: ='Original Data-Climate Watch'!M3 -> 25923.86 | E6: ='Original Data-Climate Watch'!M2 -> 7171.95 | F6: ='Original Data-Climate Watch'!M5 -> 2472.06 | G6: ='Original Data-Climate Watch'!M4 -> 443.72 | M6: 2000 | N6: =C6/$C6 -> 1 | O6: =D6/$C6 -> 0.71987546 | P6: =E6/$C6 -> 0.19915672 | Q6: =F6/$C6 -> 0.068646233 | R6: =G6/$C6 -> 0.012321589 | T6: =IF(SUM(D6:G6)=C6,"Totals Match","NO MATCH") -> Totals Match
A7: World | B7: 2005 | C7: =SUM(D7:G7) -> 40790.66 | D7: ='Original Data-Climate Watch'!R3 -> 29908.23 | E7: ='Original Data-Climate Watch'!R2 -> 7637.59 | F7: ='Original Data-Climate Watch'!R5 -> 2702.93 | G7: ='Original Data-Climate Watch'!R4 -> 541.91 | M7: 2005 | N7: =C7/$C7 -> 1 | O7: =D7/$C7 -> 0.7332127 | P7: =E7/$C7 -> 0.1872387 | Q7: =F7/$C7 -> 0.066263453 | R7: =G7/$C7 -> 0.013285149 | T7: =IF(SUM(D7:G7)=C7,"Totals Match","NO MATCH") -> Totals Match
A8: World | B8: 2010 | C8: =SUM(D8:G8) -> 45069.96 | D8: ='Original Data-Climate Watch'!W3 -> 33521.99 | E8: ='Original Data-Climate Watch'!W2 -> 7930.31 | F8: ='Original Data-Climate Watch'!W5 -> 2855.38 | G8: ='Original Data-Climate Watch'!W4 -> 762.28 | M8: 2010 | N8: =C8/$C8 -> 1 | O8: =D8/$C8 -> 0.74377679 | P8: =E8/$C8 -> 0.17595556 | Q8: =F8/$C8 -> 0.063354394 | R8: =G8/$C8 -> 0.016913261 | T8: =IF(SUM(D8:G8)=C8,"Totals Match","NO MATCH") -> Totals Match
A9: World | B9: 2015 | C9: =SUM(D9:G9) -> 46993.48 | D9: ='Original Data-Climate Watch'!AB3 -> 34686.31 | E9: ='Original Data-Climate Watch'!AB2 -> 8314.76 | F9: ='Original Data-Climate Watch'!AB5 -> 2991.77 | G9: ='Original Data-Climate Watch'!AB4 -> 1000.64 | M9: 2015 | N9: =C9/$C9 -> 1 | O9: =D9/$C9 -> 0.73810899 | P9: =E9/$C9 -> 0.17693433 | Q9: =F9/$C9 -> 0.063663512 | R9: =G9/$C9 -> 0.021293167 | T9: =IF(SUM(D9:G9)=C9,"Totals Match","NO MATCH") -> Totals Match
A11: EPA Calculation
A12: % change, '90-'15 | C12: =(C9-C4)/C4 -> 0.43557206 | D12: =(D9-D4)/D4 -> 0.50415171 | E12: =(E9-E4)/E4 -> 0.18732757 | F12: =(F9-F4)/F4 -> 0.26261126 | G12: =(G9-G4)/G4 -> 2.3110751

Sheet Original Data-Climate Watch
A1: Gas | B1: unit | C1: 1990 | D1: 1991 | E1: 1992 | F1: 1993 | G1: 1994 | H1: 1995 | I1: 1996 | J1: 1997 | K1: 1998 | L1: 1999 | M1: 2000 | N1: 2001 | O1: 2002 | P1: 2003 | Q1: 2004 | R1: 2005 | S1: 2006 | T1: 2007 | U1: 2008 | V1: 2009 | W1: 2010 | X1: 2011 | Y1: 2012 | Z1: 2013 | AA1: 2014 | AB1: 2015 | AC1: 2016 | AD1: 2017 | AE1: 2018 | AF1: 2019 | AG1: 2020 | AH1: 2021
A2: CH4 | B2: MtCO2e | C2: 7002.92 | D2: 7029.68 | E2: 6981.2 | F2: 6993.73 | G2: 7017.8 | H2: 7095.62 | I2: 7104.65 | J2: 7338.17 | K2: 7207.18 | L2: 7147.65 | M2: 7171.95 | N2: 7130.76 | O2: 7266.25 | P2: 7332.98 | Q2: 7580.43 | R2: 7637.59 | S2: 7807.8 | T2: 7781.48 | U2: 7814.77 | V2: 7834.51 | W2: 7930.31 | X2: 8086.24 | Y2: 8162.66 | Z2: 8137.37 | AA2: 8288 | AB2: 8314.76 | AC2: 8216.42 | AD2: 8289.63 | AE2: 8420.52 | AF2: 8550.57 | AG2: 8321.4 | AH2: 8457.13
A3: CO2 | B3: MtCO2e | C3: 23060.38 | D3: 23217.45 | E3: 23167.98 | F3: 23311.16 | G3: 23457.62 | H3: 24086.41 | I3: 24434.73 | J3: 25546.76 | K3: 25154.68 | L3: 25227.59 | M3: 25923.86 | N3: 26010.78 | O3: 26731.15 | P3: 27602.5 | Q3: 29073.03 | R3: 29908.23 | S3: 31139.35 | T3: 31825.92 | U3: 32031.28 | V3: 31953.27 | W3: 33521.99 | X3: 33429.63 | Y3: 33816.18 | Z3: 34469.49 | AA3: 34856.42 | AB3: 34686.31 | AC3: 35383.27 | AD3: 35877.65 | AE3: 36865.29 | AF3: 37046.27 | AG3: 34819.59 | AH3: 36693.41
A4: F-Gas | B4: MtCO2e | C4: 302.21 | D4: 297.51 | E4: 294.57 | F4: 290.55 | G4: 297.94 | H4: 329.36 | I4: 359.05 | J4: 391.61 | K4: 424.94 | L4: 426.78 | M4: 443.72 | N4: 441.58 | O4: 467.43 | P4: 477.72 | Q4: 511.84 | R4: 541.91 | S4: 587.2 | T4: 641.45 | U4: 684.64 | V4: 705.57 | W4: 762.28 | X4: 812.31 | Y4: 861.06 | Z4: 908.93 | AA4: 962.57 | AB4: 1000.64 | AC4: 1053.6 | AD4: 1094.87 | AE4: 1136.14 | AF4: 1177.41 | AG4: 1218.67 | AH4: 1281.99
A5: N2O | B5: MtCO2e | C5: 2369.51 | D5: 2336.16 | E5: 2343.77 | F5: 2328.6 | G5: 2418.41 | H5: 2470.91 | I5: 2474.01 | J5: 2462.61 | K5: 2492.12 | L5: 2479.4 | M5: 2472.06 | N5: 2508.1 | O5: 2565.05 | P5: 2605.09 | Q5: 2688.31 | R5: 2702.93 | S5: 2730.7 | T5: 2802.12 | U5: 2765.26 | V5: 2765.68 | W5: 2855.38 | X5: 2919.48 | Y5: 2941.26 | Z5: 2915.15 | AA5: 2963.13 | AB5: 2991.77 | AC5: 3015.18 | AD5: 3079.14 | AE5: 3060.15 | AF5: 3069.33 | AG5: 3103.5 | AH5: 3120.95
A6: Data source | B6: Climate Watch
X10: 2016-2021 data is projected data because the Non-CO2 portion is projected.

Sheet Methods and Notes
A1: Methods and Notes
A3: GENERAL NOTES
A5: Data last obtained by ERG on November 22, 2024.
A7: OBTAIN DATA
A9: ERG downloaded the data from Climate Watch, "Historical GHG Emissions" (https://www.climatewatchdata.org/ghg-emissions). We used the following settings:
B11: - Data Source: Climate Watch
B12: - Countries/Regions: World
B13: - Sectors/Subsectors: TOTAL EMISSION, Total including LUCF
B14: - Gases: All GHG
B15: - Calculations: Total
B16: - Show Data by: Gases
B17: - Chart Type: Line Chart
A19: Data needed for chart needs to include LUCF and bunker fuel emissions (Climate Watch says that bunker fuel emissions are included in transportation (and thus Energy) sector only for World, so bunker fuels should not be included in Sectors/Subsectors drop down when obtaining data).
A20: Climate Watch data methods: https://files.wri.org/d8/s3fs-public/2024-05/climate-watch-country-greenhouse-gas-emissions-data-methodology.pdf?VersionId=1geU96keSmqZlUjv41FNGB4CLpHQbruN
A22: PROCESSING STEPS
A24: 1) Access data according to "Obtain Data" instructions above, and copy into "Original Data-Climate Watch" worksheet.
A25: 2) Highlight in green data for the years 1990, 1995, 2000, 2005, 2010, and 2015 to indicate data for use in figure.
A26: - Climate Watch Non-CO2 data come from EPA and are reported in 5-year intervals. Some countries have data annually, but per confirmation from EPA, we should only use 5-year interval data. Because Non-CO2 data is not an annual time series data set, Figure 1 is plotted on 5-year intervals (Climate Watch CO2 data predominately comes from IEA which is an annual time series; Climate Watch LUCF data comes from FAOSTAT which is also an annual time series. Agriculture emissions (CH4 and N2O) data are also sourced from FAOSTAT.
A27: 3) Copy green highlighted data into "Data for Figure" worksheet.
A28: 4) We created a stacked column graph for years 1990-2015 in 5-year intervals.
A30: WORKSHEETS
A32: Figure 1 | B32: Shows the figure for use in Indicators report
A33: Data for Figure | B33: Contains data used to develop Figure 1
A34: Methods and Notes | B34: Contains notes on how Figure 1 was developed
A35: Original Data-Climate Watch | B35: Copy of full "World" data from 1990-2015 from Climate Watch "Historical GHG Emissions" page.
