Workbook

Sheet Data for Figure
A1: Gross total emissions excluding LUCF and including bunker fuel emissions
B3: 1990 | C3: 1991 | D3: 1992 | E3: 1993 | F3: 1994 | G3: 1995 | H3: 1996 | I3: 1997 | J3: 1998 | K3: 1999 | L3: 2000 | M3: 2001 | N3: 2002 | O3: 2003 | P3: 2004 | Q3: 2005 | R3: 2006 | S3: 2007 | T3: 2008 | U3: 2009 | V3: 2010 | W3: 2011 | X3: 2012 | Y3: 2013 | Z3: 2014 | AA3: 2015 | AB3: 2016 | AC3: 2017 | AD3: 2018 | AE3: 2019 | AF3: 2020 | AG3: 2021 | AH3: 2021 percentages
A4: East Asia and Pacific | B4: ='Original Data-Climate Watch'!C2 -> 4426.4 | C4: ='Original Data-Climate Watch'!D2 -> 4630.04 | D4: ='Original Data-Climate Watch'!E2 -> 4815.25 | E4: ='Original Data-Climate Watch'!F2 -> 5110.92 | F4: ='Original Data-Climate Watch'!G2 -> 5368.38 | G4: ='Original Data-Climate Watch'!H2 -> 5806.44 | H4: ='Original Data-Climate Watch'!I2 -> 5891.62 | I4: ='Original Data-Climate Watch'!J2 -> 6037.38 | ... AG4: ='Original Data-Climate Watch'!AH2 -> 15603.66 | AH4: =AG4/SUM($AG$4:$AG$12) -> 0.43903971
A5: Europe and Central Asia | B5: ='Original Data-Climate Watch'!C3 -> 8207.44 | C5: ='Original Data-Climate Watch'!D3 -> 8073.82 | D5: ='Original Data-Climate Watch'!E3 -> 7725.79 | E5: ='Original Data-Climate Watch'!F3 -> 7333.09 | F5: ='Original Data-Climate Watch'!G3 -> 6959.98 | G5: ='Original Data-Climate Watch'!H3 -> 6913.48 | H5: ='Original Data-Climate Watch'!I3 -> 6951.51 | I5: ='Original Data-Climate Watch'!J3 -> 6739.2 | ... AG5: ='Original Data-Climate Watch'!AH3 -> 6303.91 | AH5: =AG5/SUM($AG$4:$AG$12) -> 0.17737292
A6: United States | B6: ='Original Data-Climate Watch'!C9 -> 4975.18 | C6: ='Original Data-Climate Watch'!D9 -> 4944.41 | D6: ='Original Data-Climate Watch'!E9 -> 5023.44 | E6: ='Original Data-Climate Watch'!F9 -> 5127.53 | F6: ='Original Data-Climate Watch'!G9 -> 5196.84 | G6: ='Original Data-Climate Watch'!H9 -> 5254.81 | H6: ='Original Data-Climate Watch'!I9 -> 5408 | I6: ='Original Data-Climate Watch'!J9 -> 5669.96 | ... AG6: ='Original Data-Climate Watch'!AH9 -> 4722.23 | AH6: =AG6/SUM($AG$4:$AG$12) -> 0.13286924
A7: South Asia | B7: ='Original Data-Climate Watch'!C6 -> 649.3 | C7: ='Original Data-Climate Watch'!D6 -> 693.41 | D7: ='Original Data-Climate Watch'!E6 -> 721.47 | E7: ='Original Data-Climate Watch'!F6 -> 754.82 | F7: ='Original Data-Climate Watch'!G6 -> 794.4 | G7: ='Original Data-Climate Watch'!H6 -> 856.69 | H7: ='Original Data-Climate Watch'!I6 -> 899.18 | I7: ='Original Data-Climate Watch'!J6 -> 950.01 | ... AG7: ='Original Data-Climate Watch'!AH6 -> 2822.56 | AH7: =AG7/SUM($AG$4:$AG$12) -> 0.079418285
A8: Middle East and North Africa | B8: ='Original Data-Climate Watch'!C5 -> 929.09 | C8: ='Original Data-Climate Watch'!D5 -> 964.63 | D8: ='Original Data-Climate Watch'!E5 -> 1038.1 | E8: ='Original Data-Climate Watch'!F5 -> 1101.78 | F8: ='Original Data-Climate Watch'!G5 -> 1183.91 | G8: ='Original Data-Climate Watch'!H5 -> 1216.57 | H8: ='Original Data-Climate Watch'!I5 -> 1256.58 | I8: ='Original Data-Climate Watch'!J5 -> 1314.25 | ... AG8: ='Original Data-Climate Watch'!AH5 -> 2716.32 | AH8: =AG8/SUM($AG$4:$AG$12) -> 0.076429013
A9: Latin America and Caribbean | B9: ='Original Data-Climate Watch'!C4 -> 920.3 | C9: ='Original Data-Climate Watch'!D4 -> 947.26 | D9: ='Original Data-Climate Watch'!E4 -> 965.17 | E9: ='Original Data-Climate Watch'!F4 -> 993.52 | F9: ='Original Data-Climate Watch'!G4 -> 1041.24 | G9: ='Original Data-Climate Watch'!H4 -> 1067.69 | H9: ='Original Data-Climate Watch'!I4 -> 1138.52 | I9: ='Original Data-Climate Watch'!J4 -> 1210.76 | ... AG9: ='Original Data-Climate Watch'!AH4 -> 1617.49 | AH9: =AG9/SUM($AG$4:$AG$12) -> 0.045511267
A10: Sub-Saharan Africa | B10: ='Original Data-Climate Watch'!C7 -> 416.88 | C10: ='Original Data-Climate Watch'!D7 -> 426.56 | D10: ='Original Data-Climate Watch'!E7 -> 437.18 | E10: ='Original Data-Climate Watch'!F7 -> 438.36 | F10: ='Original Data-Climate Watch'!G7 -> 440.82 | G10: ='Original Data-Climate Watch'!H7 -> 467.7 | H10: ='Original Data-Climate Watch'!I7 -> 498.81 | I10: ='Original Data-Climate Watch'!J7 -> 512.17 | ... AG10: ='Original Data-Climate Watch'!AH7 -> 824.81 | AH10: =AG10/SUM($AG$4:$AG$12) -> 0.023207654
A11: Canada | B11: ='Original Data-Climate Watch'!C8 -> 425.13 | C11: ='Original Data-Climate Watch'!D8 -> 418.78 | D11: ='Original Data-Climate Watch'!E8 -> 432.19 | E11: ='Original Data-Climate Watch'!F8 -> 427.31 | F11: ='Original Data-Climate Watch'!G8 -> 442.34 | G11: ='Original Data-Climate Watch'!H8 -> 453.88 | H11: ='Original Data-Climate Watch'!I8 -> 467.79 | I11: ='Original Data-Climate Watch'!J8 -> 482.77 | ... AG11: ='Original Data-Climate Watch'!AH8 -> 522.26 | AH11: =AG11/SUM($AG$4:$AG$12) -> 0.014694814
A12: Other | B12: ='Original Data-Climate Watch'!C18 -> 347.39 | C12: ='Original Data-Climate Watch'!D18 -> 355.27 | D12: ='Original Data-Climate Watch'!E18 -> 246.12 | E12: ='Original Data-Climate Watch'!F18 -> 260.12 | F12: ='Original Data-Climate Watch'!G18 -> 266.34 | G12: ='Original Data-Climate Watch'!H18 -> 280.17 | H12: ='Original Data-Climate Watch'!I18 -> 286.56 | I12: ='Original Data-Climate Watch'!J18 -> 304.26 | ... AG12: ='Original Data-Climate Watch'!AH18 -> 407.19 | AH12: =AG12/SUM($AG$4:$AG$12) -> 0.011457093
AH13: =SUM(AH4:AH12) -> 1

Sheet Original Data-Climate Watch
A1: Country/Region | B1: unit | C1: 1990 | D1: 1991 | E1: 1992 | F1: 1993 | G1: 1994 | H1: 1995 | I1: 1996 | J1: 1997 | K1: 1998 | L1: 1999 | M1: 2000 | N1: 2001 | O1: 2002 | P1: 2003 | Q1: 2004 | R1: 2005 | S1: 2006 | T1: 2007 | U1: 2008 | V1: 2009 | W1: 2010 | X1: 2011 | Y1: 2012 | Z1: 2013 | AA1: 2014 | AB1: 2015 | AC1: 2016 | AD1: 2017 | AE1: 2018 | AF1: 2019 | AG1: 2020 | AH1: 2021
A2: East Asia and Pacific | B2: MtCO2e | C2: 4426.4 | D2: 4630.04 | E2: 4815.25 | F2: 5110.92 | G2: 5368.38 | H2: 5806.44 | I2: 5891.62 | J2: 6037.38 | K2: 6036.46 | L2: 6084.26 | M2: 6374.74 | N2: 6610.15 | O2: 6957.2 | P2: 7652.26 | Q2: 8450.8 | R2: 9220.88 | S2: 9871.5 | T2: 10542.35 | U2: 10733.81 | V2: 11209.92 | W2: 12188.34 | X2: 13136.87 | Y2: 13473.12 | Z2: 13928.4 | AA2: 13963.94 | AB2: 13859.23 | AC2: 13937.62 | AD2: 14266.91 | AE2: 14838.22 | AF2: 15117.02 | AG2: 14999.59 | AH2: 15603.66
A3: Europe and Central Asia | B3: MtCO2e | C3: 8207.44 | D3: 8073.82 | E3: 7725.79 | F3: 7333.09 | G3: 6959.98 | H3: 6913.48 | I3: 6951.51 | J3: 6739.2 | K3: 6747.17 | L3: 6691.5 | M3: 6782.77 | N3: 6842.97 | O3: 6857.73 | P3: 7073.58 | Q3: 7096.37 | R3: 7104.33 | S3: 7241.45 | T3: 7252.04 | U3: 7205.37 | V3: 6657.9 | W3: 6902.75 | X3: 6924.77 | Y3: 6838.15 | Z3: 6705.18 | AA3: 6452.04 | AB3: 6422.7 | AC3: 6446.42 | AD3: 6529.59 | AE3: 6552.97 | AF3: 6409.67 | AG3: 5887.38 | AH3: 6303.91
A4: Latin America and Caribbean | B4: MtCO2e | C4: 920.3 | D4: 947.26 | E4: 965.17 | F4: 993.52 | G4: 1041.24 | H4: 1067.69 | I4: 1138.52 | J4: 1210.76 | K4: 1259.91 | L4: 1260.84 | M4: 1303.96 | N4: 1309.45 | O4: 1315.69 | P4: 1333.91 | Q4: 1396.08 | R4: 1440.81 | S4: 1482.98 | T4: 1531.78 | U4: 1583.67 | V4: 1537.31 | W4: 1643.52 | X4: 1710.72 | Y4: 1785.3 | Z4: 1828.05 | AA4: 1836.18 | AB4: 1830.04 | AC4: 1787.77 | AD4: 1767.46 | AE4: 1715.03 | AF4: 1707.35 | AG4: 1481.01 | AH4: 1617.49
A5: Middle East and North Africa | B5: MtCO2e | C5: 929.09 | D5: 964.63 | E5: 1038.1 | F5: 1101.78 | G5: 1183.91 | H5: 1216.57 | I5: 1256.58 | J5: 1314.25 | K5: 1316.38 | L5: 1362.22 | M5: 1423.33 | N5: 1484.84 | O5: 1536.84 | P5: 1598.28 | Q5: 1686.27 | R5: 1791.13 | S5: 1895.51 | T5: 1985.68 | U5: 2107.1 | V5: 2163.19 | W5: 2261.43 | X5: 2309.39 | Y5: 2429.86 | Z5: 2481.18 | AA5: 2563.77 | AB5: 2613.89 | AC5: 2640.02 | AD5: 2673.94 | AE5: 2653.62 | AF5: 2713.79 | AG5: 2597.78 | AH5: 2716.32
A6: South Asia | B6: MtCO2e | C6: 649.3 | D6: 693.41 | E6: 721.47 | F6: 754.82 | G6: 794.4 | H6: 856.69 | I6: 899.18 | J6: 950.01 | K6: 969.12 | L6: 1045.61 | M6: 1083.98 | N6: 1106.29 | O6: 1143.26 | P6: 1176.05 | Q6: 1265.9 | R6: 1326.04 | S6: 1418.46 | T6: 1558.33 | U6: 1645.63 | V6: 1797.6 | W6: 1897.86 | X6: 2008.42 | Y6: 2167.88 | Z6: 2232.96 | AA6: 2425.01 | AB6: 2455.19 | AC6: 2527.26 | AD6: 2669.15 | AE6: 2812.05 | AF6: 2777.28 | AG6: 2562.92 | AH6: 2822.56
A7: Sub-Saharan Africa | B7: MtCO2e | C7: 416.88 | D7: 426.56 | E7: 437.18 | F7: 438.36 | G7: 440.82 | H7: 467.7 | I7: 498.81 | J7: 512.17 | K7: 518.49 | L7: 509.99 | M7: 522.15 | N7: 566.58 | O7: 566.84 | P7: 598.84 | Q7: 631.75 | R7: 636.37 | S7: 635.84 | T7: 653.88 | U7: 698.84 | V7: 672.75 | W7: 723.07 | X7: 727.5 | Y7: 752.59 | Z7: 791.2 | AA7: 823.61 | AB7: 809.35 | AC7: 820.77 | AD7: 830.27 | AE7: 850.33 | AF7: 873.03 | AG7: 787.04 | AH7: 824.81
A8: Canada | B8: MtCO2e | C8: 425.13 | D8: 418.78 | E8: 432.19 | F8: 427.31 | G8: 442.34 | H8: 453.88 | I8: 467.79 | J8: 482.77 | K8: 491.59 | L8: 500.88 | M8: 520.85 | N8: 513.65 | O8: 530.07 | P8: 548.43 | Q8: 540.85 | R8: 554.63 | S8: 545.53 | T8: 576.26 | U8: 556.13 | V8: 526.11 | W8: 542.84 | X8: 554.31 | Y8: 550.85 | Z8: 559.77 | AA8: 565.53 | AB8: 562.19 | AC8: 559.99 | AD8: 571.57 | AE8: 584.65 | AF8: 576.76 | AG8: 514.11 | AH8: 522.26
A9: United States | B9: MtCO2e | C9: 4975.18 | D9: 4944.41 | E9: 5023.44 | F9: 5127.53 | G9: 5196.84 | H9: 5254.81 | I9: 5408 | J9: 5669.96 | K9: 5716.91 | L9: 5749.42 | M9: 5923.25 | N9: 5862.46 | O9: 5731.77 | P9: 5781.98 | Q9: 5879.45 | R9: 5904.93 | S9: 5811.32 | T9: 5904.33 | U9: 5712.39 | V9: 5297.45 | W9: 5540.76 | X9: 5318.98 | Y9: 5075.11 | Z9: 5210.1 | AA9: 5225.76 | AB9: 5114.76 | AC9: 5031.03 | AD9: 4967.24 | AE9: 5114.79 | AF9: 4966.23 | AG9: 4416.15 | AH9: 4722.23
A10: Data source | B10: CAIT
A12: Country/Region | B12: unit | C12: 1990 | D12: 1991 | E12: 1992 | F12: 1993 | G12: 1994 | H12: 1995 | I12: 1996 | J12: 1997 | K12: 1998 | L12: 1999 | M12: 2000 | N12: 2001 | O12: 2002 | P12: 2003 | Q12: 2004 | R12: 2005 | S12: 2006 | T12: 2007 | U12: 2008 | V12: 2009 | W12: 2010 | X12: 2011 | Y12: 2012 | Z12: 2013 | AA12: 2014 | AB12: 2015 | AC12: 2016 | AD12: 2017 | AE12: 2018 | AF12: 2019 | AG12: 2020 | AH12: 2021
A13: World | B13: MtCO2e | C13: 21297.11 | D13: 21454.18 | E13: 21404.71 | F13: 21547.45 | G13: 21694.25 | H13: 22317.43 | I13: 22798.57 | J13: 23220.76 | K13: 23384.67 | L13: 23553.91 | M13: 24302.33 | N13: 24666.34 | O13: 25011.01 | P13: 26154.89 | Q13: 27355.21 | R13: 28397 | S13: 29332.47 | T13: 30445.09 | U13: 30662.5 | V13: 30280.64 | W13: 32140.15 | X13: 33123 | Y13: 33500 | Z13: 34167.49 | AA13: 34291.01 | AB13: 34104.75 | AC13: 34200.37 | AD13: 34729.69 | AE13: 35569.42 | AF13: 35575.61 | AG13: 33646.42 | AH13: 35540.43
A14: Data source | B14: Climate Watch
A16: EPA Calculated
A17: Country/Region | B17: unit | C17: 1990 | D17: 1991 | E17: 1992 | F17: 1993 | G17: 1994 | H17: 1995 | I17: 1996 | J17: 1997 | K17: 1998 | L17: 1999 | M17: 2000 | N17: 2001 | O17: 2002 | P17: 2003 | Q17: 2004 | R17: 2005 | S17: 2006 | T17: 2007 | U17: 2008 | V17: 2009 | W17: 2010 | X17: 2011 | Y17: 2012 | Z17: 2013 | AA17: 2014 | AB17: 2015 | AC17: 2016 | AD17: 2017 | AE17: 2018 | AF17: 2019 | AG17: 2020 | AH17: 2021
A18: "Other" Region | B18: MtCO2e | C18: =C13-SUM(C2:C9) -> 347.39 | D18: =D13-SUM(D2:D9) -> 355.27 | E18: =E13-SUM(E2:E9) -> 246.12 | F18: =F13-SUM(F2:F9) -> 260.12 | G18: =G13-SUM(G2:G9) -> 266.34 | H18: =H13-SUM(H2:H9) -> 280.17 | I18: =I13-SUM(I2:I9) -> 286.56 | J18: =J13-SUM(J2:J9) -> 304.26 | ... AH18: =AH13-SUM(AH2:AH9) -> 407.19

Sheet Methods and Notes
A1: Methods and Notes
A3: GENERAL NOTES
A5: - Data last obtained by ERG on November 22, 2024.
A6: - Plot is of total gross CO2 emissions only (i.e., excluding LUCF) and includes emissions from bunker fuels. Reason for only including CO2 data is that CO2 data is reported in an annual time series. Non-CO2 data comes from EPA and is reported in 5-year intervals.
A8: OBTAIN DATA
A10: ERG downloaded the data from Climate Watch, "Historical GHG Emissions" (https://www.climatewatchdata.org/ghg-emissions). We used the following settings:
A11: Drop-down menu options for obtaining data confirmed by WRI.
A13: CO2 data excluding LUCF
C14: - Data Source: Climate Watch
C15: - Countries/Regions: East Asia and Pacific, Europe and Central Asia, Latin America and Caribbean, Middle East and North Africa, South Asia, Sub-Saharan Africa, Canada, United States
C16: - Sectors/Subsectors: TOTAL EMISSION, Total excluding LUCF; SECTOR & SUB-SECTOR, Bunker Fuels
C17: - Gases: CO2
C18: - Calculations: Total
C19: - Show Data by: Regions
C20: - Chart Type: Stacked Area Chart
A22: As stated in Climate Watch's FAQ (https://www.climatewatchdata.org/about/faq/ghg), the sum of all countries’ emissions data available in Climate Watch dataset will not be the same as the World total (excluding LUCF) for two reasons: (1) International bunker fuel related emissions are not included in the country-level totals following the IPCC methodology, and (2) the Climate Watch dataset only covers 190+ countries (all of which are parties to the UNFCCC), leaving out other territories that could also be releasing anthropogenic emissions data.
A23: Therefore, ERG uses a top-down approach to add an "Other" region that accounts for emissions from countries not accounted for in the regions (approach confirmed by WRI).
A24: This requires also downloading "WORLD" CO2 data using the following query (note: "WORLD" includes bunker fuel emissions):
C26: - Data Source: Climate Watch
C27: - Countries/Regions: WORLD
C28: - Sectors/Subsectors: TOTAL EMISSION, Total excluding LUCF
C29: - Gases: CO2
C30: - Calculations: Total
C31: - Show Data by: Regions
C32: - Chart Type: Stacked Area Chart
A34: PROCESSING STEPS
A36: 1) Access data according to "Obtain Data" instructions above, and copy into "Original Data-Climate Watch" worksheet.
A37: 2) Determine value for the region "Other" by subtracting Regional data from WORLD data (orange, "EPA Calculated" rows).
A38: 3) Copy data into "Data for Figure" worksheet and calculate percentages for the most recent year (2021) at end of data series (highlighted in green).
A39: 4) Sort data from largest to smallest in most recent year
A40: 5) Plot the figure as a shaded area graph.
